sample,expected_ns,actual_ns,latency_us
0,28465466000,28476255000,10789
1,28475466000,28485806000,10340
2,28485466000,28495610000,10144
3,28495466000,28505672000,10206
4,28505466000,28515440000,9974
5,28515466000,28525089000,9623
6,28525466000,28535444000,9978
7,28535466000,28545583000,10117
8,28545466000,28555529000,10063
9,28555466000,28566032000,10566
10,28565466000,28575792000,10326
11,28575466000,28586121000,10655
12,28585466000,28595671000,10205
13,28595466000,28606486000,11020
14,28605466000,28615684000,10218
15,28615466000,28625439000,9973
16,28625466000,28635292000,9826
17,28635466000,28645422000,9956
18,28645466000,28655662000,10196
19,28655466000,28665475000,10009
20,28665466000,28675444000,9978
21,28675466000,28685617000,10151
22,28685466000,28695516000,10050
23,28695466000,28705589000,10123
24,28705466000,28715798000,10332
25,28715466000,28725642000,10176
26,28725466000,28735347000,9881
27,28735466000,28745741000,10275
28,28745466000,28755230000,9764
29,28755466000,28765447000,9981
30,28765466000,28775834000,10368
31,28775466000,28785685000,10219
32,28785466000,28795713000,10247
33,28795466000,28806135000,10669
34,28805466000,28815785000,10319
35,28815466000,28826093000,10627
36,28825466000,28835898000,10432
37,28835466000,28846098000,10632
38,28845466000,28856407000,10941
39,28855466000,28865499000,10033
40,28865466000,28875881000,10415
41,28875466000,28885531000,10065
42,28885466000,28895728000,10262
43,28895466000,28905934000,10468
44,28905466000,28915518000,10052
45,28915466000,28925739000,10273
46,28925466000,28935670000,10204
47,28935466000,28945634000,10168
48,28945466000,28955841000,10375
49,28955466000,28965598000,10132
50,28965466000,28975653000,10187
51,28975466000,28986079000,10613
52,28985466000,28995531000,10065
53,28995466000,29005824000,10358
54,29005466000,29015882000,10416
55,29015466000,29025538000,10072
56,29025466000,29035838000,10372
57,29035466000,29045702000,10236
58,29045466000,29055731000,10265
59,29055466000,29065880000,10414
60,29065466000,29075459000,9993
61,29075466000,29085251000,9785
62,29085466000,29095406000,9940
63,29095466000,29105163000,9697
64,29105466000,29115492000,10026
65,29115466000,29125702000,10236
66,29125466000,29135441000,9975
67,29135466000,29145581000,10115
68,29145466000,29155607000,10141
69,29155466000,29165440000,9974
70,29165466000,29175461000,9995
71,29175466000,29185353000,9887
72,29185466000,29195234000,9768
73,29195466000,29205250000,9784
74,29205466000,29215379000,9913
75,29215466000,29225271000,9805
76,29225466000,29235173000,9707
77,29235466000,29245416000,9950
78,29245466000,29256293000,10827
79,29255466000,29265546000,10080
80,29265466000,29275848000,10382
81,29275466000,29285801000,10335
82,29285466000,29296172000,10706
83,29295466000,29306305000,10839
84,29305466000,29315702000,10236
85,29315466000,29325574000,10108
86,29325466000,29335395000,9929
87,29335466000,29345900000,10434
88,29345466000,29355935000,10469
89,29355466000,29365515000,10049
90,29365466000,29375829000,10363
91,29375466000,29386288000,10822
92,29385466000,29395630000,10164
93,29395466000,29406545000,11079
94,29405466000,29415435000,9969
95,29415466000,29427286000,11820
96,29425466000,29435998000,10532
97,29435466000,29446308000,10842
98,29445466000,29455467000,10001
99,29455466000,29465771000,10305
100,29465466000,29475940000,10474
101,29475466000,29485850000,10384
102,29485466000,29495616000,10150
103,29495466000,29505958000,10492
104,29505466000,29515638000,10172
105,29515466000,29525377000,9911
106,29525466000,29535571000,10105
107,29535466000,29546098000,10632
108,29545466000,29555538000,10072
109,29555466000,29565785000,10319
110,29565466000,29575879000,10413
111,29575466000,29586211000,10745
112,29585466000,29595748000,10282
113,29595466000,29606039000,10573
114,29605466000,29615755000,10289
115,29615466000,29626157000,10691
116,29625466000,29637236000,11770
117,29635466000,29646320000,10854
118,29645466000,29657387000,11921
119,29655466000,29665877000,10411
120,29665466000,29675636000,10170
121,29675466000,29685512000,10046
122,29685466000,29695971000,10505
123,29695466000,29705474000,10008
124,29705466000,29715353000,9887
125,29715466000,29725734000,10268
126,29725466000,29736040000,10574
127,29735466000,29745844000,10378
128,29745466000,29755673000,10207
129,29755466000,29766297000,10831
130,29765466000,29775674000,10208
131,29775466000,29786178000,10712
132,29785466000,29795591000,10125
133,29795466000,29805750000,10284
134,29805466000,29816100000,10634
135,29815466000,29825576000,10110
136,29825466000,29835764000,10298
137,29835466000,29845736000,10270
138,29845466000,29856055000,10589
139,29855466000,29865587000,10121
140,29865466000,29875796000,10330
141,29875466000,29885715000,10249
142,29885466000,29895647000,10181
143,29895466000,29906857000,11391
144,29905466000,29916243000,10777
145,29915466000,29925609000,10143
146,29925466000,29935706000,10240
147,29935466000,29945541000,10075
148,29945466000,29955816000,10350
149,29955466000,29966012000,10546
150,29965466000,29975852000,10386
151,29975466000,29987240000,11774
152,29985466000,29995509000,10043
153,29995466000,30005720000,10254
154,30005466000,30015834000,10368
155,30015466000,30025762000,10296
156,30025466000,30035552000,10086
157,30035466000,30045548000,10082
158,30045466000,30057668000,12202
159,30055466000,30065393000,9927
160,30065466000,30075571000,10105
161,30075466000,30085649000,10183
162,30085466000,30095576000,10110
163,30095466000,30106236000,10770
164,30105466000,30115509000,10043
165,30115466000,30125780000,10314
166,30125466000,30135472000,10006
167,30135466000,30145820000,10354
168,30145466000,30155792000,10326
169,30155466000,30165701000,10235
170,30165466000,30175621000,10155
171,30175466000,30185668000,10202
172,30185466000,30195652000,10186
173,30195466000,30205700000,10234
174,30205466000,30216042000,10576
175,30215466000,30225676000,10210
176,30225466000,30235238000,9772
177,30235466000,30246155000,10689
178,30245466000,30255817000,10351
179,30255466000,30265822000,10356
180,30265466000,30275331000,9865
181,30275466000,30285776000,10310
182,30285466000,30295784000,10318
183,30295466000,30306190000,10724
184,30305466000,30315372000,9906
185,30315466000,30325996000,10530
186,30325466000,30335616000,10150
187,30335466000,30345387000,9921
188,30345466000,30356213000,10747
189,30355466000,30365784000,10318
190,30365466000,30375708000,10242
191,30375466000,30385719000,10253
192,30385466000,30396044000,10578
193,30395466000,30406364000,10898
194,30405466000,30415546000,10080
195,30415466000,30425392000,9926
196,30425466000,30435685000,10219
197,30435466000,30446458000,10992
198,30445466000,30456164000,10698
199,30455466000,30465797000,10331
200,30465466000,30475705000,10239
201,30475466000,30485359000,9893
202,30485466000,30495482000,10016
203,30495466000,30505632000,10166
204,30505466000,30515480000,10014
205,30515466000,30525489000,10023
206,30525466000,30535276000,9810
207,30535466000,30545231000,9765
208,30545466000,30555073000,9607
209,30555466000,30565020000,9554
210,30565466000,30575141000,9675
211,30575466000,30585175000,9709
212,30585466000,30595144000,9678
213,30595466000,30605183000,9717
214,30605466000,30615048000,9582
215,30615466000,30625054000,9588
216,30625466000,30634993000,9527
217,30635466000,30644810000,9344
218,30645466000,30655565000,10099
219,30655466000,30665314000,9848
220,30665466000,30675400000,9934
221,30675466000,30684844000,9378
222,30685466000,30694961000,9495
223,30695466000,30705062000,9596
224,30705466000,30714889000,9423
225,30715466000,30725163000,9697
226,30725466000,30735277000,9811
227,30735466000,30745273000,9807
228,30745466000,30756171000,10705
229,30755466000,30765586000,10120
230,30765466000,30775772000,10306
231,30775466000,30785575000,10109
232,30785466000,30795301000,9835
233,30795466000,30806729000,11263
234,30805466000,30815630000,10164
235,30815466000,30825788000,10322
236,30825466000,30835610000,10144
237,30835466000,30845447000,9981
238,30845466000,30856812000,11346
239,30855466000,30866502000,11036
240,30865466000,30875723000,10257
241,30875466000,30885738000,10272
242,30885466000,30896140000,10674
243,30895466000,30907084000,11618
244,30905466000,30915457000,9991
245,30915466000,30925396000,9930
246,30925466000,30935390000,9924
247,30935466000,30945804000,10338
248,30945466000,30956723000,11257
249,30955466000,30965868000,10402
250,30965466000,30975602000,10136
251,30975466000,30985467000,10001
252,30985466000,30995567000,10101
253,30995466000,31005647000,10181
254,31005466000,31015557000,10091
255,31015466000,31025507000,10041
256,31025466000,31035280000,9814
257,31035466000,31045603000,10137
258,31045466000,31055684000,10218
259,31055466000,31065592000,10126
260,31065466000,31076603000,11137
261,31075466000,31085708000,10242
262,31085466000,31095512000,10046
263,31095466000,31105835000,10369
264,31105466000,31115417000,9951
265,31115466000,31125583000,10117
266,31125466000,31135361000,9895
267,31135466000,31145343000,9877
268,31145466000,31156141000,10675
269,31155466000,31165748000,10282
270,31165466000,31176246000,10780
271,31175466000,31185842000,10376
272,31185466000,31196560000,11094
273,31195466000,31206533000,11067
274,31205466000,31215745000,10279
275,31215466000,31225703000,10237
276,31225466000,31235499000,10033
277,31235466000,31245547000,10081
278,31245466000,31255830000,10364
279,31255466000,31265850000,10384
280,31265466000,31277739000,12273
281,31275466000,31285529000,10063
282,31285466000,31295621000,10155
283,31295466000,31305519000,10053
284,31305466000,31315565000,10099
285,31315466000,31325777000,10311
286,31325466000,31335447000,9981
287,31335466000,31345663000,10197
288,31345466000,31355242000,9776
289,31355466000,31365406000,9940
290,31365466000,31375413000,9947
291,31375466000,31385202000,9736
292,31385466000,31395459000,9993
293,31395466000,31405274000,9808
294,31405466000,31415694000,10228
295,31415466000,31425470000,10004
296,31425466000,31435457000,9991
297,31435466000,31446075000,10609
298,31445466000,31456627000,11161
299,31455466000,31466482000,11016
300,31465466000,31476089000,10623
301,31475466000,31485610000,10144
302,31485466000,31495593000,10127
303,31495466000,31505642000,10176
304,31505466000,31515815000,10349
305,31515466000,31525522000,10056
306,31525466000,31535554000,10088
307,31535466000,31546006000,10540
308,31545466000,31555384000,9918
309,31555466000,31566541000,11075
310,31565466000,31575487000,10021
311,31575466000,31585474000,10008
312,31585466000,31595579000,10113
313,31595466000,31606222000,10756
314,31605466000,31615818000,10352
315,31615466000,31625557000,10091
316,31625466000,31635262000,9796
317,31635466000,31645259000,9793
318,31645466000,31655566000,10100
319,31655466000,31665774000,10308
320,31665466000,31675686000,10220
321,31675466000,31685379000,9913
322,31685466000,31695260000,9794
323,31695466000,31706241000,10775
324,31705466000,31716202000,10736
325,31715466000,31725552000,10086
326,31725466000,31735436000,9970
327,31735466000,31746211000,10745
328,31745466000,31756026000,10560
329,31755466000,31765654000,10188
330,31765466000,31775345000,9879
331,31775466000,31785768000,10302
332,31785466000,31795426000,9960
333,31795466000,31806575000,11109
334,31805466000,31815888000,10422
335,31815466000,31825552000,10086
336,31825466000,31835645000,10179
337,31835466000,31845577000,10111
338,31845466000,31855650000,10184
339,31855466000,31865333000,9867
340,31865466000,31875559000,10093
341,31875466000,31885386000,9920
342,31885466000,31895501000,10035
343,31895466000,31905604000,10138
344,31905466000,31915752000,10286
345,31915466000,31925526000,10060
346,31925466000,31935667000,10201
347,31935466000,31945558000,10092
348,31945466000,31955695000,10229
349,31955466000,31965552000,10086
350,31965466000,31975430000,9964
351,31975466000,31985595000,10129
352,31985466000,31995746000,10280
353,31995466000,32005856000,10390
354,32005466000,32015587000,10121
355,32015466000,32025504000,10038
356,32025466000,32035388000,9922
357,32035466000,32045788000,10322
358,32045466000,32055662000,10196
359,32055466000,32065793000,10327
360,32065466000,32076152000,10686
361,32075466000,32085972000,10506
362,32085466000,32095652000,10186
363,32095466000,32106152000,10686
364,32105466000,32115562000,10096
365,32115466000,32125539000,10073
366,32125466000,32135264000,9798
367,32135466000,32145235000,9769
368,32145466000,32156335000,10869
369,32155466000,32165461000,9995
370,32165466000,32175470000,10004
371,32175466000,32185259000,9793
372,32185466000,32195577000,10111
373,32195466000,32205576000,10110
374,32205466000,32215304000,9838
375,32215466000,32225183000,9717
376,32225466000,32235076000,9610
377,32235466000,32247332000,11866
378,32245466000,32255759000,10293
379,32255466000,32266067000,10601
380,32265466000,32274968000,9502
381,32275466000,32284986000,9520
382,32285466000,32295069000,9603
383,32295466000,32305448000,9982
384,32305466000,32315062000,9596
385,32315466000,32326409000,10943
386,32325466000,32336258000,10792
387,32335466000,32345834000,10368
388,32345466000,32358389000,12923
389,32355466000,32366242000,10776
390,32365466000,32377515000,12049
391,32375466000,32386459000,10993
392,32385466000,32396239000,10773
393,32395466000,32405318000,9852
394,32405466000,32415072000,9606
395,32415466000,32425902000,10436
396,32425466000,32435304000,9838
397,32435466000,32445257000,9791
398,32445466000,32455751000,10285
399,32455466000,32465295000,9829
400,32465466000,32475801000,10335
401,32475466000,32485645000,10179
402,32485466000,32495718000,10252
403,32495466000,32505795000,10329
404,32505466000,32515972000,10506
405,32515466000,32526701000,11235
406,32525466000,32536306000,10840
407,32535466000,32545725000,10259
408,32545466000,32555431000,9965
409,32555466000,32565542000,10076
410,32565466000,32575703000,10237
411,32575466000,32620617000,45151
412,32585466000,32637544000,52078
413,32595466000,32647327000,51861
414,32605466000,32659897000,54431
415,32615466000,32684706000,69240
416,32625466000,32697818000,72352
417,32635466000,32708726000,73260
418,32645466000,32725609000,80143
419,32655466000,32735653000,80187
420,32665466000,32745221000,79755
421,32675466000,32757703000,82237
422,32685466000,32766618000,81152
423,32695466000,32776030000,80564
424,32705466000,32785384000,79918
425,32715466000,32795423000,79957
426,32725466000,32805050000,79584
427,32735466000,32815152000,79686
428,32745466000,32826528000,81062
429,32755466000,32835244000,79778
430,32765466000,32845425000,79959
431,32775466000,32856182000,80716
432,32785466000,32865597000,80131
433,32795466000,32876351000,80885
434,32805466000,32886230000,80764
435,32815466000,32895639000,80173
436,32825466000,32906808000,81342
437,32835466000,32915742000,80276
438,32845466000,32927624000,82158
439,32855466000,32936551000,81085
440,32865466000,32945529000,80063
441,32875466000,32956179000,80713
442,32885466000,32965302000,79836
443,32895466000,32975585000,80119
444,32905466000,32985435000,79969
445,32915466000,32995380000,79914
446,32925466000,33005694000,80228
447,32935466000,33015352000,79886
448,32945466000,33025627000,80161
449,32955466000,33035632000,80166
450,32965466000,33045937000,80471
451,32975466000,33056135000,80669
452,32985466000,33065500000,80034
453,32995466000,33076453000,80987
454,33005466000,33085833000,80367
455,33015466000,33095465000,79999
456,33025466000,33107734000,82268
457,33035466000,33115528000,80062
458,33045466000,33126062000,80596
459,33055466000,33136744000,81278
460,33065466000,33147830000,82364
461,33075466000,33157362000,81896
462,33085466000,33167685000,82219
463,33095466000,33176532000,81066
464,33105466000,33191336000,85870
465,33115466000,33195607000,80141
466,33125466000,33206601000,81135
467,33135466000,33215580000,80114
468,33145466000,33225168000,79702
469,33155466000,33235580000,80114
470,33165466000,33251631000,86165
471,33175466000,33266297000,90831
472,33185466000,33278583000,93117
473,33195466000,33286048000,90582
474,33205466000,33295854000,90388
475,33215466000,33305041000,89575
476,33225466000,33315224000,89758
477,33235466000,33326071000,90605
478,33245466000,33335612000,90146
479,33255466000,33345502000,90036
480,33265466000,33356755000,91289
481,33275466000,33365485000,90019
482,33285466000,33377444000,91978
483,33295466000,33386297000,90831
484,33305466000,33396313000,90847
485,33315466000,33405442000,89976
486,33325466000,33415231000,89765
487,33335466000,33425765000,90299
488,33345466000,33435086000,89620
489,33355466000,33445125000,89659
490,33365466000,33456553000,91087
491,33375466000,33466417000,90951
492,33385466000,33476262000,90796
493,33395466000,33485077000,89611
494,33405466000,33495244000,89778
495,33415466000,33505469000,90003
496,33425466000,33515388000,89922
497,33435466000,33525662000,90196
498,33445466000,33535530000,90064
499,33455466000,33545670000,90204
500,33465466000,33555213000,89747
501,33475466000,33565496000,90030
502,33485466000,33576320000,90854
503,33495466000,33585894000,90428
504,33505466000,33595864000,90398
505,33515466000,33605413000,89947
506,33525466000,33615511000,90045
507,33535466000,33625744000,90278
508,33545466000,33635465000,89999
509,33555466000,33645527000,90061
510,33565466000,33656161000,90695
511,33575466000,33665574000,90108
512,33585466000,33675752000,90286
513,33595466000,33685717000,90251
514,33605466000,33695427000,89961
515,33615466000,33705362000,89896
516,33625466000,33715302000,89836
517,33635466000,33725703000,90237
518,33645466000,33735831000,90365
519,33655466000,33745786000,90320
520,33665466000,33756192000,90726
521,33675466000,33766051000,90585
522,33685466000,33776531000,91065
523,33695466000,33786343000,90877
524,33705466000,33795223000,89757
525,33715466000,33805000000,89534
526,33725466000,33815200000,89734
527,33735466000,33825195000,89729
528,33745466000,33835255000,89789
529,33755466000,33845406000,89940
530,33765466000,33855242000,89776
531,33775466000,33865015000,89549
532,33785466000,33875230000,89764
533,33795466000,33885039000,89573
534,33805466000,33895141000,89675
535,33815466000,33905169000,89703
536,33825466000,33914891000,89425
537,33835466000,33925140000,89674
538,33845466000,33935025000,89559
539,33855466000,33945065000,89599
540,33865466000,33955065000,89599
541,33875466000,33965315000,89849
542,33885466000,33976093000,90627
543,33895466000,33985324000,89858
544,33905466000,33995233000,89767
545,33915466000,34005199000,89733
546,33925466000,34015133000,89667
547,33935466000,34025453000,89987
548,33945466000,34035423000,89957
549,33955466000,34045512000,90046
550,33965466000,34055253000,89787
551,33975466000,34066203000,90737
552,33985466000,34075768000,90302
553,33995466000,34086390000,90924
554,34005466000,34095416000,89950
555,34015466000,34105502000,90036
556,34025466000,34116146000,90680
557,34035466000,34125583000,90117
558,34045466000,34135669000,90203
559,34055466000,34145840000,90374
560,34065466000,34155419000,89953
561,34075466000,34166194000,90728
562,34085466000,34175516000,90050
563,34095466000,34185608000,90142
564,34105466000,34195425000,89959
565,34115466000,34205611000,90145
566,34125466000,34215313000,89847
567,34135466000,34226249000,90783
568,34145466000,34235365000,89899
569,34155466000,34245812000,90346
570,34165466000,34255291000,89825
571,34175466000,34266007000,90541
572,34185466000,34275511000,90045
573,34195466000,34285836000,90370
574,34205466000,34295727000,90261
575,34215466000,34306056000,90590
576,34225466000,34315436000,89970
577,34235466000,34325581000,90115
578,34245466000,34335745000,90279
579,34255466000,34346422000,90956
580,34265466000,34357541000,92075
581,34275466000,34365508000,90042
582,34285466000,34377356000,91890
583,34295466000,34386125000,90659
584,34305466000,34400527000,95061
585,34315466000,34415753000,100287
586,34325466000,34426077000,100611
587,34335466000,34435654000,100188
588,34345466000,34445279000,99813
589,34355466000,34455533000,100067
590,34365466000,34465573000,100107
591,34375466000,34475803000,100337
592,34385466000,34485828000,100362
593,34395466000,34497637000,102171
594,34405466000,34505094000,99628
595,34415466000,34516432000,100966
596,34425466000,34525289000,99823
597,34435466000,34535064000,99598
598,34445466000,34545084000,99618
599,34455466000,34556796000,101330
600,34465466000,34566677000,101211
601,34475466000,34579826000,104360
602,34485466000,34598332000,112866
603,34495466000,34610038000,114572
604,34505466000,34626383000,120917
605,34515466000,34637132000,121666
606,34525466000,34645436000,119970
607,34535466000,34655658000,120192
608,34545466000,34665192000,119726
609,34555466000,34675399000,119933
610,34565466000,34685082000,119616
611,34575466000,34695872000,120406
612,34585466000,34705434000,119968
613,34595466000,34716173000,120707
614,34605466000,34725798000,120332
615,34615466000,34735376000,119910
616,34625466000,34745332000,119866
617,34635466000,34754783000,119317
618,34645466000,34765411000,119945
619,34655466000,34775118000,119652
620,34665466000,34785082000,119616
621,34675466000,34795014000,119548
622,34685466000,34805088000,119622
623,34695466000,34815573000,120107
624,34705466000,34826312000,120846
625,34715466000,34835853000,120387
626,34725466000,34845976000,120510
627,34735466000,34855797000,120331
628,34745466000,34865649000,120183
629,34755466000,34876230000,120764
630,34765466000,34886281000,120815
631,34775466000,34901255000,125789
632,34785466000,34916494000,131028
633,34795466000,34925458000,129992
634,34805466000,34935762000,130296
635,34815466000,34945446000,129980
636,34825466000,34955216000,129750
637,34835466000,34965409000,129943
638,34845466000,34975627000,130161
639,34855466000,34985897000,130431
640,34865466000,34995882000,130416
641,34875466000,35005772000,130306
642,34885466000,35016473000,131007
643,34895466000,35026036000,130570
644,34905466000,35036742000,131276
645,34915466000,35046792000,131326
646,34925466000,35056027000,130561
647,34935466000,35065979000,130513
648,34945466000,35076838000,131372
649,34955466000,35086169000,130703
650,34965466000,35095660000,130194
651,34975466000,35107283000,131817
652,34985466000,35115719000,130253
653,34995466000,35127486000,132020
654,35005466000,35135812000,130346
655,35015466000,35145494000,130028
656,35025466000,35157161000,131695
657,35035466000,35166500000,131034
658,35045466000,35176300000,130834
659,35055466000,35185635000,130169
660,35065466000,35197049000,131583
661,35075466000,35208269000,132803
662,35085466000,35218226000,132760
663,35095466000,35227074000,131608
664,35105466000,35236886000,131420
665,35115466000,35246767000,131301
666,35125466000,35257902000,132436
667,35135466000,35266426000,130960
668,35145466000,35276229000,130763
669,35155466000,35285744000,130278
670,35165466000,35295771000,130305
671,35175466000,35305084000,129618
672,35185466000,35316079000,130613
673,35195466000,35325879000,130413
674,35205466000,35335029000,129563
675,35215466000,35345432000,129966
676,35225466000,35355370000,129904
677,35235466000,35365593000,130127
678,35245466000,35375435000,129969
679,35255466000,35385425000,129959
680,35265466000,35395559000,130093
681,35275466000,35405283000,129817
682,35285466000,35415559000,130093
683,35295466000,35425420000,129954
684,35305466000,35437198000,131732
685,35315466000,35445707000,130241
686,35325466000,35455610000,130144
687,35335466000,35466613000,131147
688,35345466000,35476208000,130742
689,35355466000,35485756000,130290
690,35365466000,35495660000,130194
691,35375466000,35505869000,130403
692,35385466000,35515584000,130118
693,35395466000,35526263000,130797
694,35405466000,35536485000,131019
695,35415466000,35545902000,130436
696,35425466000,35555671000,130205
697,35435466000,35566094000,130628
698,35445466000,35576194000,130728
699,35455466000,35585375000,129909
700,35465466000,35595860000,130394
701,35475466000,35607675000,132209
702,35485466000,35615716000,130250
703,35495466000,35625615000,130149
704,35505466000,35636261000,130795
705,35515466000,35645872000,130406
706,35525466000,35658419000,132953
707,35535466000,35665512000,130046
708,35545466000,35676151000,130685
709,35555466000,35685434000,129968
710,35565466000,35695508000,130042
711,35575466000,35705587000,130121
712,35585466000,35715448000,129982
713,35595466000,35725666000,130200
714,35605466000,35735506000,130040
715,35615466000,35745781000,130315
716,35625466000,35755299000,129833
717,35635466000,35765404000,129938
718,35645466000,35775491000,130025
719,35655466000,35785392000,129926
720,35665466000,35795833000,130367
721,35675466000,35805615000,130149
722,35685466000,35815799000,130333
723,35695466000,35825421000,129955
724,35705466000,35835709000,130243
725,35715466000,35845508000,130042
726,35725466000,35855896000,130430
727,35735466000,35865662000,130196
728,35745466000,35875798000,130332
729,35755466000,35885710000,130244
730,35765466000,35896101000,130635
731,35775466000,35907240000,131774
732,35785466000,35915474000,130008
733,35795466000,35925594000,130128
734,35805466000,35935551000,130085
735,35815466000,35946122000,130656
736,35825466000,35955999000,130533
737,35835466000,35966472000,131006
738,35845466000,35975395000,129929
739,35855466000,35985325000,129859
740,35865466000,35995443000,129977
741,35875466000,36005115000,129649
742,35885466000,36015418000,129952
743,35895466000,36025386000,129920
744,35905466000,36035326000,129860
745,35915466000,36045431000,129965
746,35925466000,36055268000,129802
747,35935466000,36065555000,130089
748,35945466000,36075396000,129930
749,35955466000,36085380000,129914
750,35965466000,36095806000,130340
751,35975466000,36105362000,129896
752,35985466000,36115488000,130022
753,35995466000,36125261000,129795
754,36005466000,36135177000,129711
755,36015466000,36145542000,130076
756,36025466000,36155278000,129812
757,36035466000,36165476000,130010
758,36045466000,36175409000,129943
759,36055466000,36185465000,129999
760,36065466000,36195433000,129967
761,36075466000,36205541000,130075
762,36085466000,36215549000,130083
763,36095466000,36225073000,129607
764,36105466000,36235300000,129834
765,36115466000,36245814000,130348
766,36125466000,36255627000,130161
767,36135466000,36265732000,130266
768,36145466000,36275876000,130410
769,36155466000,36285745000,130279
770,36165466000,36295122000,129656
771,36175466000,36305399000,129933
772,36185466000,36315677000,130211
773,36195466000,36326004000,130538
774,36205466000,36335624000,130158
775,36215466000,36345699000,130233
776,36225466000,36355489000,130023
777,36235466000,36364982000,129516
778,36245466000,36375295000,129829
779,36255466000,36385552000,130086
780,36265466000,36395373000,129907
781,36275466000,36405207000,129741
782,36285466000,36415387000,129921
783,36295466000,36425679000,130213
784,36305466000,36435753000,130287
785,36315466000,36446686000,131220
786,36325466000,36455464000,129998
787,36335466000,36465463000,129997
788,36345466000,36475901000,130435
789,36355466000,36485996000,130530
790,36365466000,36495954000,130488
791,36375466000,36506452000,130986
792,36385466000,36516080000,130614
793,36395466000,36526447000,130981
794,36405466000,36536063000,130597
795,36415466000,36546296000,130830
796,36425466000,36557005000,131539
797,36435466000,36565866000,130400
798,36445466000,36576329000,130863
799,36455466000,36585966000,130500
800,36465466000,36596074000,130608
801,36475466000,36606391000,130925
802,36485466000,36616270000,130804
803,36495466000,36625422000,129956
804,36505466000,36637621000,132155
805,36515466000,36645729000,130263
806,36525466000,36655825000,130359
807,36535466000,36665851000,130385
808,36545466000,36676392000,130926
809,36555466000,36685702000,130236
810,36565466000,36695499000,130033
811,36575466000,36705667000,130201
812,36585466000,36715891000,130425
813,36595466000,36727366000,131900
814,36605466000,36736356000,130890
815,36615466000,36745857000,130391
816,36625466000,36755982000,130516
817,36635466000,36765755000,130289
818,36645466000,36776169000,130703
819,36655466000,36785734000,130268
820,36665466000,36796070000,130604
821,36675466000,36806318000,130852
822,36685466000,36816231000,130765
823,36695466000,36826491000,131025
824,36705466000,36836252000,130786
825,36715466000,36846674000,131208
826,36725466000,36856130000,130664
827,36735466000,36865876000,130410
828,36745466000,36876185000,130719
829,36755466000,36886674000,131208
830,36765466000,36895427000,129961
831,36775466000,36906282000,130816
832,36785466000,36916959000,131493
833,36795466000,36926491000,131025
834,36805466000,36936274000,130808
835,36815466000,36946296000,130830
836,36825466000,36955449000,129983
837,36835466000,36965755000,130289
838,36845466000,36975880000,130414
839,36855466000,36986025000,130559
840,36865466000,36996128000,130662
841,36875466000,37005645000,130179
842,36885466000,37015755000,130289
843,36895466000,37026785000,131319
844,36905466000,37035346000,129880
845,36915466000,37045201000,129735
846,36925466000,37055201000,129735
847,36935466000,37065126000,129660
848,36945466000,37075368000,129902
849,36955466000,37085324000,129858
850,36965466000,37095289000,129823
851,36975466000,37105139000,129673
852,36985466000,37115201000,129735
853,36995466000,37125302000,129836
854,37005466000,37135110000,129644
855,37015466000,37145134000,129668
856,37025466000,37155342000,129876
857,37035466000,37165287000,129821
858,37045466000,37175511000,130045
859,37055466000,37185408000,129942
860,37065466000,37195362000,129896
861,37075466000,37205416000,129950
862,37085466000,37215516000,130050
863,37095466000,37225226000,129760
864,37105466000,37235556000,130090
865,37115466000,37246191000,130725
866,37125466000,37255818000,130352
867,37135466000,37266034000,130568
868,37145466000,37276708000,131242
869,37155466000,37285605000,130139
870,37165466000,37296240000,130774
871,37175466000,37306302000,130836
872,37185466000,37316670000,131204
873,37195466000,37326393000,130927
874,37205466000,37336425000,130959
875,37215466000,37345727000,130261
876,37225466000,37355775000,130309
877,37235466000,37366345000,130879
878,37245466000,37376420000,130954
879,37255466000,37385868000,130402
880,37265466000,37396728000,131262
881,37275466000,37406264000,130798
882,37285466000,37416779000,131313
883,37295466000,37426777000,131311
884,37305466000,37435527000,130061
885,37315466000,37445468000,130002
886,37325466000,37455182000,129716
887,37335466000,37466319000,130853
888,37345466000,37475837000,130371
889,37355466000,37486331000,130865
890,37365466000,37495427000,129961
891,37375466000,37506449000,130983
892,37385466000,37515603000,130137
893,37395466000,37526714000,131248
894,37405466000,37535788000,130322
895,37415466000,37546516000,131050
896,37425466000,37556561000,131095
897,37435466000,37566249000,130783
898,37445466000,37576329000,130863
899,37455466000,37585781000,130315
900,37465466000,37596043000,130577
901,37475466000,37606085000,130619
902,37485466000,37616322000,130856
903,37495466000,37626657000,131191
904,37505466000,37635916000,130450
905,37515466000,37645997000,130531
906,37525466000,37656217000,130751
907,37535466000,37666172000,130706
908,37545466000,37676284000,130818
909,37555466000,37685819000,130353
910,37565466000,37695548000,130082
911,37575466000,37706264000,130798
912,37585466000,37715684000,130218
913,37595466000,37726476000,131010
914,37605466000,37736609000,131143
915,37615466000,37746878000,131412
916,37625466000,37755606000,130140
917,37635466000,37766143000,130677
918,37645466000,37776285000,130819
919,37655466000,37786329000,130863
920,37665466000,37796017000,130551
921,37675466000,37806328000,130862
922,37685466000,37816014000,130548
923,37695466000,37826638000,131172
924,37705466000,37836823000,131357
925,37715466000,37846494000,131028
926,37725466000,37855599000,130133
927,37735466000,37866184000,130718
928,37745466000,37876360000,130894
929,37755466000,37886348000,130882
930,37765466000,37895785000,130319
931,37775466000,37906548000,131082
932,37785466000,37916244000,130778
933,37795466000,37927207000,131741
934,37805466000,37936293000,130827
935,37815466000,37945593000,130127
936,37825466000,37956134000,130668
937,37835466000,37966213000,130747
938,37845466000,37977133000,131667
939,37855466000,37985790000,130324
940,37865466000,37996701000,131235
941,37875466000,38006090000,130624
942,37885466000,38016215000,130749
943,37895466000,38026868000,131402
944,37905466000,38036295000,130829
945,37915466000,38045951000,130485
946,37925466000,38055605000,130139
947,37935466000,38066030000,130564
948,37945466000,38075868000,130402
949,37955466000,38085729000,130263
950,37965466000,38095878000,130412
951,37975466000,38106531000,131065
952,37985466000,38116800000,131334
953,37995466000,38126647000,131181
954,38005466000,38136357000,130891
955,38015466000,38145531000,130065
956,38025466000,38156165000,130699
957,38035466000,38165772000,130306
958,38045466000,38176375000,130909
959,38055466000,38186739000,131273
960,38065466000,38196524000,131058
961,38075466000,38206332000,130866
962,38085466000,38216172000,130706
963,38095466000,38228018000,132552
964,38105466000,38236290000,130824
965,38115466000,38246081000,130615
966,38125466000,38255582000,130116
967,38135466000,38266174000,130708
968,38145466000,38276580000,131114
969,38155466000,38285778000,130312
970,38165466000,38296128000,130662
971,38175466000,38306182000,130716
972,38185466000,38316094000,130628
973,38195466000,38326737000,131271
974,38205466000,38336275000,130809
975,38215466000,38345747000,130281
976,38225466000,38355526000,130060
977,38235466000,38366515000,131049
978,38245466000,38376524000,131058
979,38255466000,38385801000,130335
980,38265466000,38396032000,130566
981,38275466000,38406774000,131308
982,38285466000,38415665000,130199
983,38295466000,38427032000,131566
984,38305466000,38435852000,130386
985,38315466000,38445848000,130382
986,38325466000,38455786000,130320
987,38335466000,38466029000,130563
988,38345466000,38475851000,130385
989,38355466000,38485740000,130274
990,38365466000,38496139000,130673
991,38375466000,38505400000,129934
992,38385466000,38515768000,130302
993,38395466000,38525583000,130117
994,38405466000,38535419000,129953
995,38415466000,38545398000,129932
996,38425466000,38555617000,130151
997,38435466000,38566144000,130678
998,38445466000,38575512000,130046
999,38455466000,38585701000,130235
